,school,school_logo,cases,location
0,University of Texas at Austin,https://static01.nyt.com/newsgraphics/2020/07/20/college-coronavirus-cases/8b8985d30e09c84d02fe62f34c473cb665183907/logos/251.png,449,"Austin, Texas"
1,University of Central Florida,https://static01.nyt.com/newsgraphics/2020/07/20/college-coronavirus-cases/8b8985d30e09c84d02fe62f34c473cb665183907/logos/2116.png,438,"Orlando, Fla."
2,University of Georgia,https://static01.nyt.com/newsgraphics/2020/07/20/college-coronavirus-cases/8b8985d30e09c84d02fe62f34c473cb665183907/logos/61.png,390,"Athens, Ga."
3,Texas A&M University,https://static01.nyt.com/newsgraphics/2020/07/20/college-coronavirus-cases/8b8985d30e09c84d02fe62f34c473cb665183907/logos/245.png,302,"College Station, Texas"
4,University of Washington,https://static01.nyt.com/newsgraphics/2020/07/20/college-coronavirus-cases/8b8985d30e09c84d02fe62f34c473cb665183907/logos/264.png,249,Seattle
5,University of Florida,https://static01.nyt.com/newsgraphics/2020/07/20/college-coronavirus-cases/8b8985d30e09c84d02fe62f34c473cb665183907/logos/57.png,217,"Gainesville, Fla."
6,University of Texas Southwestern Medical Center,https://logo.clearbit.com/utsouthwestern.edu,207,Dallas
7,University of South Florida,https://static01.nyt.com/newsgraphics/2020/07/20/college-coronavirus-cases/8b8985d30e09c84d02fe62f34c473cb665183907/logos/58.png,182,"Tampa, Fla."
8,University of Pennsylvania,https://static01.nyt.com/newsgraphics/2020/07/20/college-coronavirus-cases/8b8985d30e09c84d02fe62f34c473cb665183907/logos/219.png,167,Philadelphia
9,"University of California, Berkeley",https://static01.nyt.com/newsgraphics/2020/07/20/college-coronavirus-cases/8b8985d30e09c84d02fe62f34c473cb665183907/logos/25.png,123,"Berkeley, Calif."
10,University of Connecticut System,https://static01.nyt.com/newsgraphics/2020/07/20/college-coronavirus-cases/8b8985d30e09c84d02fe62f34c473cb665183907/logos/41.png,112,"Storrs, Conn."
11,"University of California, Los Angeles",https://static01.nyt.com/newsgraphics/2020/07/20/college-coronavirus-cases/8b8985d30e09c84d02fe62f34c473cb665183907/logos/26.png,101,Los Angeles
12,Stanford University,https://static01.nyt.com/newsgraphics/2020/07/20/college-coronavirus-cases/8b8985d30e09c84d02fe62f34c473cb665183907/logos/24.png,99,"Stanford, Calif."
13,University of Texas Rio Grande Valley,https://logo.clearbit.com/utrgv.edu,95,"Edinburg, Texas"
14,Georgia Institute of Technology,https://static01.nyt.com/newsgraphics/2020/07/20/college-coronavirus-cases/8b8985d30e09c84d02fe62f34c473cb665183907/logos/59.png,94,Atlanta
15,Appalachian State University,https://static01.nyt.com/newsgraphics/2020/07/20/college-coronavirus-cases/8b8985d30e09c84d02fe62f34c473cb665183907/logos/2026.png,94,"Boone, N.C."
16,United States Military Academy West Point,https://logo.clearbit.com/westpoint.edu,89,"West Point, N.Y."
17,Sam Houston State University,https://static01.nyt.com/newsgraphics/2020/07/20/college-coronavirus-cases/8b8985d30e09c84d02fe62f34c473cb665183907/logos/2534.png,88,"Huntsville, Texas"
18,Oregon Health & Science University,https://logo.clearbit.com/ohsu.edu,83,"Portland, Ore."
19,University of Mississippi,https://static01.nyt.com/newsgraphics/2020/07/20/college-coronavirus-cases/8b8985d30e09c84d02fe62f34c473cb665183907/logos/145.png,81,"Oxford, Miss."
20,Georgetown University,https://static01.nyt.com/newsgraphics/2020/07/20/college-coronavirus-cases/8b8985d30e09c84d02fe62f34c473cb665183907/logos/46.png,80,"Washington, D.C."
21,"University of California, Irvine",https://static01.nyt.com/newsgraphics/2020/07/20/college-coronavirus-cases/8b8985d30e09c84d02fe62f34c473cb665183907/logos/uci.jpg,77,"Irvine , Calif."
22,Montclair State University,https://logo.clearbit.com/montclair.edu,63,"Montclair, N.J."
23,University of Houston-Downtown,https://static01.nyt.com/newsgraphics/2020/07/20/college-coronavirus-cases/8b8985d30e09c84d02fe62f34c473cb665183907/logos/uhd.jpg,61,Houston
24,Rice University,https://static01.nyt.com/newsgraphics/2020/07/20/college-coronavirus-cases/8b8985d30e09c84d02fe62f34c473cb665183907/logos/242.png,59,Houston
25,Missouri State University,https://static01.nyt.com/newsgraphics/2020/07/20/college-coronavirus-cases/8b8985d30e09c84d02fe62f34c473cb665183907/logos/2623.png,57,"Springfield, Mo."
26,Utah State University,https://static01.nyt.com/newsgraphics/2020/07/20/college-coronavirus-cases/8b8985d30e09c84d02fe62f34c473cb665183907/logos/328.png,52,"Logan, Utah"
27,Brigham Young University,https://static01.nyt.com/newsgraphics/2020/07/20/college-coronavirus-cases/8b8985d30e09c84d02fe62f34c473cb665183907/logos/252.png,51,"Provo, Utah"
28,Boise State University,https://static01.nyt.com/newsgraphics/2020/07/20/college-coronavirus-cases/8b8985d30e09c84d02fe62f34c473cb665183907/logos/68.png,50,"Boise , Idaho"
29,Southern Methodist University,https://static01.nyt.com/newsgraphics/2020/07/20/college-coronavirus-cases/8b8985d30e09c84d02fe62f34c473cb665183907/logos/2567.png,49,Dallas
30,University of Southern Mississippi,https://static01.nyt.com/newsgraphics/2020/07/20/college-coronavirus-cases/8b8985d30e09c84d02fe62f34c473cb665183907/logos/2572.png,49,"Hattiesburg, Miss."
31,Princeton University,https://static01.nyt.com/newsgraphics/2020/07/20/college-coronavirus-cases/8b8985d30e09c84d02fe62f34c473cb665183907/logos/163.png,48,"Princeton, N.J."
32,"University of California, Davis",https://static01.nyt.com/newsgraphics/2020/07/20/college-coronavirus-cases/8b8985d30e09c84d02fe62f34c473cb665183907/logos/302.png,47,"Davis, Calif."
33,Clemson University*,https://static01.nyt.com/newsgraphics/2020/07/20/college-coronavirus-cases/8b8985d30e09c84d02fe62f34c473cb665183907/logos/228.png,47,"Clemson, S.C."
34,University of Oregon,https://static01.nyt.com/newsgraphics/2020/07/20/college-coronavirus-cases/8b8985d30e09c84d02fe62f34c473cb665183907/logos/2483.png,42,"Eugene, Ore."
35,Baylor University*,https://static01.nyt.com/newsgraphics/2020/07/20/college-coronavirus-cases/8b8985d30e09c84d02fe62f34c473cb665183907/logos/239.png,42,"Waco, Texas"
36,Northwestern University,https://static01.nyt.com/newsgraphics/2020/07/20/college-coronavirus-cases/8b8985d30e09c84d02fe62f34c473cb665183907/logos/77.png,41,"Evanston, Ill."
37,Georgia Southern University*,https://static01.nyt.com/newsgraphics/2020/07/20/college-coronavirus-cases/8b8985d30e09c84d02fe62f34c473cb665183907/logos/290.png,40,"Statesboro, Ga."
38,Southern University and A&M College,https://static01.nyt.com/newsgraphics/2020/07/20/college-coronavirus-cases/8b8985d30e09c84d02fe62f34c473cb665183907/logos/southernam.jpg,39,"Baton Rouge, La."
39,University of Pittsburgh,https://static01.nyt.com/newsgraphics/2020/07/20/college-coronavirus-cases/8b8985d30e09c84d02fe62f34c473cb665183907/logos/221.png,39,Pittsburgh
40,"California State University, Long Beach",https://logo.clearbit.com/csulb.edu,38,"Long Beach, Calif."
41,Oakland University,https://logo.clearbit.com/oakland.edu,37,"Rochester, Mich."
42,University of North Carolina at Chapel Hill*,https://static01.nyt.com/newsgraphics/2020/07/20/college-coronavirus-cases/8b8985d30e09c84d02fe62f34c473cb665183907/logos/153.png,37,"Chapel Hill, N.C."
43,Greenville Technical College,https://logo.clearbit.com/gvltec.edu,36,"Greenville, S.C."
44,Mississippi State University,https://static01.nyt.com/newsgraphics/2020/07/20/college-coronavirus-cases/8b8985d30e09c84d02fe62f34c473cb665183907/logos/344.png,33,"Mississippi State, Miss."
45,"University of Nevada, Reno",https://logo.clearbit.com/unr.edu,33,"Reno, Nev."
46,"University of Nevada, Las Vegas",https://static01.nyt.com/newsgraphics/2020/07/20/college-coronavirus-cases/8b8985d30e09c84d02fe62f34c473cb665183907/logos/2439.png,33,Las Vegas
47,Jacksonville State University,https://static01.nyt.com/newsgraphics/2020/07/20/college-coronavirus-cases/8b8985d30e09c84d02fe62f34c473cb665183907/logos/55.png,33,"Jacksonville, Ala."
48,University of North Carolina Wilmington,https://logo.clearbit.com/uncw.edu,33,"Wilmington, N.C."
49,Worcester State University,https://logo.clearbit.com/worcester.edu,33,"Worcester, Mass."
50,University of North Alabama,https://static01.nyt.com/newsgraphics/2020/07/20/college-coronavirus-cases/8b8985d30e09c84d02fe62f34c473cb665183907/logos/2453.png,32,"Florence, Ala."
51,South Texas College,https://logo.clearbit.com/southtexascollege.edu,31,"McAllen, Texas"
52,SUNY New Paltz,https://logo.clearbit.com/newpaltz.edu,31,"New Paltz, N.Y."
53,East Carolina University,https://static01.nyt.com/newsgraphics/2020/07/20/college-coronavirus-cases/8b8985d30e09c84d02fe62f34c473cb665183907/logos/151.png,30,"Greenville, N.C."
54,Kansas State University*,https://static01.nyt.com/newsgraphics/2020/07/20/college-coronavirus-cases/8b8985d30e09c84d02fe62f34c473cb665183907/logos/2306.png,29,"Manhattan, Kan."
55,University of Southern California,https://static01.nyt.com/newsgraphics/2020/07/20/college-coronavirus-cases/8b8985d30e09c84d02fe62f34c473cb665183907/logos/30.png,28,Los Angeles
56,New Mexico State University*,https://static01.nyt.com/newsgraphics/2020/07/20/college-coronavirus-cases/8b8985d30e09c84d02fe62f34c473cb665183907/logos/166.png,27,"Las Cruces, N.M."
57,Texas Womanâ€™s University,https://logo.clearbit.com/twu.edu,27,"Denton, Texas"
58,University of Chicago,https://logo.clearbit.com/UCHICAGO.EDU,26,Chicago
59,Texas A&M University-Kingsville,https://logo.clearbit.com/TAMUK.EDU,26,"Kingsville, Texas"
60,"University of Maryland, College Park",https://static01.nyt.com/newsgraphics/2020/07/20/college-coronavirus-cases/8b8985d30e09c84d02fe62f34c473cb665183907/logos/120.png,25,"College Park, Md."
61,Manhattan College,https://logo.clearbit.com/manhattan.edu,23,New York City
62,Texas Tech University*,https://static01.nyt.com/newsgraphics/2020/07/20/college-coronavirus-cases/8b8985d30e09c84d02fe62f34c473cb665183907/logos/2641.png,23,"Lubbock, Texas"
63,Austin Peay State University,https://logo.clearbit.com/apsu.edu,22,"Clarksville, Tenn."
64,Ramapo College of New Jersey,https://logo.clearbit.com/ramapo.edu,22,"Mahwah, N.J."
65,West Texas A&M University,https://logo.clearbit.com/wtamu.edu,22,"Canyon, Texas"
66,University of Iowa*,https://static01.nyt.com/newsgraphics/2020/07/20/college-coronavirus-cases/8b8985d30e09c84d02fe62f34c473cb665183907/logos/2294.png,21,Iowa City
67,Prairie View A&M University,https://logo.clearbit.com/pvamu.edu,20,"Prairie View, Texas"
68,Wayne State University,https://logo.clearbit.com/wayne.edu,20,Detroit
69,Michigan State University*,https://static01.nyt.com/newsgraphics/2020/07/20/college-coronavirus-cases/8b8985d30e09c84d02fe62f34c473cb665183907/logos/127.png,20,"East Lansing, Mich."
70,Pepperdine University,https://logo.clearbit.com/pepperdine.edu,18,"Malibu, Calif."
71,"California Polytechnic State University, San Luis Obispo",https://logo.clearbit.com/calpoly.edu,18,"San Luis Obispo, Calif."
72,Georgia State University*,https://static01.nyt.com/newsgraphics/2020/07/20/college-coronavirus-cases/8b8985d30e09c84d02fe62f34c473cb665183907/logos/2247.png,18,Atlanta
73,University of Oklahoma,https://static01.nyt.com/newsgraphics/2020/07/20/college-coronavirus-cases/8b8985d30e09c84d02fe62f34c473cb665183907/logos/201.png,18,"Norman, Okla."
74,San Jose State University,https://static01.nyt.com/newsgraphics/2020/07/20/college-coronavirus-cases/8b8985d30e09c84d02fe62f34c473cb665183907/logos/23.png,18,"San Jose, Calif."
75,West Virginia University*,https://static01.nyt.com/newsgraphics/2020/07/20/college-coronavirus-cases/8b8985d30e09c84d02fe62f34c473cb665183907/logos/277.png,18,"Morgantown, W.Va."
76,University of Missouri-Kansas City,https://static01.nyt.com/newsgraphics/2020/07/20/college-coronavirus-cases/8b8985d30e09c84d02fe62f34c473cb665183907/logos/umkc.jpg,18,"Kansas City, Mo."
77,San Diego State University System,https://logo.clearbit.com/sdsu.edu,17,San Diego
78,North Florida College,https://static01.nyt.com/newsgraphics/2020/07/20/college-coronavirus-cases/8b8985d30e09c84d02fe62f34c473cb665183907/logos/nfc.jpg,16,"Madison, Fla."
79,University of Kansas*,https://static01.nyt.com/newsgraphics/2020/07/20/college-coronavirus-cases/8b8985d30e09c84d02fe62f34c473cb665183907/logos/2305.png,16,"Lawrence, Kan."
80,Marshall University,https://static01.nyt.com/newsgraphics/2020/07/20/college-coronavirus-cases/8b8985d30e09c84d02fe62f34c473cb665183907/logos/276.png,16,"Huntington, W.Va."
81,"University of California, Riverside",https://logo.clearbit.com/ucr.edu,16,"Riverside, Calif."
82,Central Michigan University,https://logo.clearbit.com/cmich.edu,16,"Mount Pleasant, Mich."
83,College of Southern Nevada,https://logo.clearbit.com/csn.edu,15,Las Vegas
84,Tyler Junior College,https://logo.clearbit.com/tjc.edu,15,"Tyler, Texas"
85,Southern University at New Orleans,https://logo.clearbit.com/suno.edu,15,New Orleans
86,"California State University, Northridge",https://logo.clearbit.com/csun.edu,14,Los Angeles
87,Oklahoma State University*,https://static01.nyt.com/newsgraphics/2020/07/20/college-coronavirus-cases/8b8985d30e09c84d02fe62f34c473cb665183907/logos/197.png,14,"Stillwater, Okla."
88,University of Texas at Arlington,https://logo.clearbit.com/UTA.EDU,14,"Arlington, Texas"
89,Florida State College at Jacksonville,https://logo.clearbit.com/fscj.edu,14,"Jacksonville, Fla."
90,University of Evansville,https://logo.clearbit.com/evansville.edu,13,"Evansville, Ind."
91,University of Central Oklahoma,https://logo.clearbit.com/uco.edu,13,"Edmond, Okla."
92,"University of Maryland, Baltimore County",https://logo.clearbit.com/umbc.edu,13,Baltimore
93,University of Texas at Dallas,https://static01.nyt.com/newsgraphics/2020/07/20/college-coronavirus-cases/8b8985d30e09c84d02fe62f34c473cb665183907/logos/utd.jpg,12,Dallas
94,Winston-Salem State University,https://static01.nyt.com/newsgraphics/2020/07/20/college-coronavirus-cases/8b8985d30e09c84d02fe62f34c473cb665183907/logos/wins.jpg,12,"Winston-Salem, N.C."
95,Angelo State University,https://logo.clearbit.com/angelo.edu,12,"San Angelo, Texas"
96,Morgan State University,https://logo.clearbit.com/morgan.edu,12,Baltimore
97,SUNY Purchase College,https://logo.clearbit.com/purchase.edu,12,"Purchase, N.Y."
98,St. Petersburg College,https://logo.clearbit.com/spcollege.edu,12,"St. Petersburg, Fla."
99,Santa Monica College,https://logo.clearbit.com/smc.edu,12,"Santa Monica, Calif."
100,California Institute of Technology,https://logo.clearbit.com/caltech.edu,12,"Pasadena, Calif."
101,Valencia College,https://logo.clearbit.com/valenciacollege.edu,11,"Orlando, Fla."
102,"University of California, Santa Cruz",https://logo.clearbit.com/ucsc.edu,11,"Santa Cruz, Calif."
103,University of North Georgia,https://logo.clearbit.com/ung.edu,11,"Dahlonega, Ga."
104,Western Carolina University,https://logo.clearbit.com/wcu.edu,11,"Cullowhee, N.C."
105,Troy University,https://static01.nyt.com/newsgraphics/2020/07/20/college-coronavirus-cases/8b8985d30e09c84d02fe62f34c473cb665183907/logos/2653.png,10,"Troy, Ala."
106,Mercer University,https://static01.nyt.com/newsgraphics/2020/07/20/college-coronavirus-cases/8b8985d30e09c84d02fe62f34c473cb665183907/logos/mercer.jpg,10,"Macon, Ga."
107,Florida Gulf Coast University,https://logo.clearbit.com/fgcu.edu,10,"Fort Myers, Fla."
108,Iowa State University*,https://static01.nyt.com/newsgraphics/2020/07/20/college-coronavirus-cases/8b8985d30e09c84d02fe62f34c473cb665183907/logos/66.png,10,"Ames, Iowa"
109,Indiana University Bloomington*,https://static01.nyt.com/newsgraphics/2020/07/20/college-coronavirus-cases/8b8985d30e09c84d02fe62f34c473cb665183907/logos/84.png,10,"Bloomington, Ind."
110,University of Missouri*,https://logo.clearbit.com/missouri.edu,10,"Columbia, Mo."
111,Midwestern State University,https://static01.nyt.com/newsgraphics/2020/07/20/college-coronavirus-cases/8b8985d30e09c84d02fe62f34c473cb665183907/logos/msu.jpg,10,"Wichita Falls, Texas"
112,Rutgers University-New Brunswick*,https://static01.nyt.com/newsgraphics/2020/07/20/college-coronavirus-cases/8b8985d30e09c84d02fe62f34c473cb665183907/logos/164.png,10,"New Brunswick, N.J."
113,University of North Carolina at Pembroke,https://logo.clearbit.com/uncp.edu,10,"Pembroke, N.C."
114,Bradley University,https://logo.clearbit.com/bradley.edu,10,"Peoria, Ill."
115,Elon University,https://logo.clearbit.com/elon.edu,9,"Elon, N.C."
116,University of Rochester,https://logo.clearbit.com/rochester.edu,9,"Rochester, N.Y."
117,Dixie State University,https://logo.clearbit.com/dixie.edu,9,"St. George, Utah"
118,University of Northern Colorado,https://logo.clearbit.com/unco.edu,9,"Greeley, Colo."
119,University of Nebraska-Lincoln,https://static01.nyt.com/newsgraphics/2020/07/20/college-coronavirus-cases/8b8985d30e09c84d02fe62f34c473cb665183907/logos/158.png,9,"Lincoln, Neb."
120,Edmonds College,https://static01.nyt.com/newsgraphics/2020/07/20/college-coronavirus-cases/8b8985d30e09c84d02fe62f34c473cb665183907/logos/utd.jpg,8,"Lynnwood, Wash."
121,Dartmouth College,https://logo.clearbit.com/dartmouth.edu,8,"Hanover, N.H."
122,Ohio University*,https://static01.nyt.com/newsgraphics/2020/07/20/college-coronavirus-cases/8b8985d30e09c84d02fe62f34c473cb665183907/logos/195.png,8,"Athens, Ohio"
123,SUNY College at Potsdam,https://logo.clearbit.com/potsdam.edu,8,"Potsdam, N.Y."
124,University of Northern Iowa,https://logo.clearbit.com/uni.edu,8,"Cedar Falls, Iowa"
125,Harris-Stowe State University,https://logo.clearbit.com/hssu.edu,8,St. Louis
126,University of Houston,https://static01.nyt.com/newsgraphics/2020/07/20/college-coronavirus-cases/8b8985d30e09c84d02fe62f34c473cb665183907/logos/248.png,7,Houston
127,SUNY University at Buffalo,https://logo.clearbit.com/buffalo.edu,7,Buffalo
128,Arkansas State University*,https://logo.clearbit.com/astate.edu,7,"Jonesboro, Ark."
129,"California State University, East Bay",https://logo.clearbit.com/csueastbay.edu,7,"Hayward, Calif."
130,University of Denver,https://logo.clearbit.com/du.edu,7,Denver
131,Mississippi Valley State University,https://logo.clearbit.com/mvsu.edu,7,"Itta Bena, Miss."
132,Old Dominion University*,https://static01.nyt.com/newsgraphics/2020/07/20/college-coronavirus-cases/8b8985d30e09c84d02fe62f34c473cb665183907/logos/295.png,7,"Norfolk, Va."
133,University of Washington Tacoma,https://logo.clearbit.com/tacoma.uw.edu,7,"Tacoma, Wash."
134,University of Minnesota Twin Cities*,https://static01.nyt.com/newsgraphics/2020/07/20/college-coronavirus-cases/8b8985d30e09c84d02fe62f34c473cb665183907/logos/135.png,7,Minneapolis
135,"University of South Florida, St. Petersburg",https://logo.clearbit.com/usfsp.edu,7,"St. Petersburg, Fla."
136,Southern University Law Center,https://logo.clearbit.com/sulc.edu,7,"Baton Rouge, La."
137,Arkansas Tech University,https://logo.clearbit.com/atu.edu,6,"Russellville, Ark."
138,Florida Atlantic University*,https://static01.nyt.com/newsgraphics/2020/07/20/college-coronavirus-cases/8b8985d30e09c84d02fe62f34c473cb665183907/logos/2226.png,6,"Boca Raton, Fla."
139,Georgia Gwinnett College,https://logo.clearbit.com/ggc.edu,6,"Lawrenceville, Ga."
140,University of Louisiana at Lafayette*,https://static01.nyt.com/newsgraphics/2020/07/20/college-coronavirus-cases/8b8985d30e09c84d02fe62f34c473cb665183907/logos/309.png,6,"Lafeyette, La."
141,Sacred Heart University,https://logo.clearbit.com/sacredheart.edu,6,"Fairfield, Conn."
142,Whatcom Community College,https://logo.clearbit.com/whatcom.edu,6,"Bellingham, Wash."
143,Western Kentucky University*,https://static01.nyt.com/newsgraphics/2020/07/20/college-coronavirus-cases/8b8985d30e09c84d02fe62f34c473cb665183907/logos/98.png,6,"Bowling Green, Ky."
144,University of Massachusetts Amherst,https://static01.nyt.com/newsgraphics/2020/07/20/college-coronavirus-cases/8b8985d30e09c84d02fe62f34c473cb665183907/logos/113.png,6,"Amherst, Mass."
145,"University of California, Santa Barbara",https://logo.clearbit.com/ucsb.edu,6,"Santa Barbara, Calif."
146,Grand Canyon University,https://logo.clearbit.com/gcu.edu,6,"Pheonix, Ariz."
147,"California State University, Dominguez Hills",https://logo.clearbit.com/csudh.edu,5,"Carson, Calif."
148,Louisiana State University Alexandria,https://logo.clearbit.com/lsua.edu,5,"Alexandria, La."
149,Virginia Military Institute,https://static01.nyt.com/newsgraphics/2020/07/20/college-coronavirus-cases/8b8985d30e09c84d02fe62f34c473cb665183907/logos/vmi.jpg,5,"Lexington, Va."
150,Florida Polytechnic University,https://logo.clearbit.com/floridapoly.edu,5,"Lakeland, Fla."
151,Colorado School of Mines,https://logo.clearbit.com/mines.edu,5,"Golden, Colo."
152,North Carolina State University*,https://static01.nyt.com/newsgraphics/2020/07/20/college-coronavirus-cases/8b8985d30e09c84d02fe62f34c473cb665183907/logos/152.png,5,"Raleigh, N.C."
153,Rider University,https://logo.clearbit.com/rider.edu,5,"Lawrenceville , N.J."
154,Texas State University*,https://static01.nyt.com/newsgraphics/2020/07/20/college-coronavirus-cases/8b8985d30e09c84d02fe62f34c473cb665183907/logos/326.png,5,"San Marcos, Texas"
155,University of North Carolina at Charlotte*,https://static01.nyt.com/newsgraphics/2020/07/20/college-coronavirus-cases/8b8985d30e09c84d02fe62f34c473cb665183907/logos/2429.png,5,"Charlotte, N.C."
156,University of Colorado Boulder*,https://logo.clearbit.com/colorado.edu,4,"Boulder, Colo."
157,"California State University, San Marcos",https://logo.clearbit.com/csusm.edu,4,"San Marcos, Calif."
158,University of Memphis*,https://static01.nyt.com/newsgraphics/2020/07/20/college-coronavirus-cases/8b8985d30e09c84d02fe62f34c473cb665183907/logos/memphis.png,4,Memphis
159,Mississippi University for Women,https://logo.clearbit.com/muw.edu,4,"Columbus, Miss."
160,North Carolina A&T State University,https://logo.clearbit.com/ncat.edu,4,"Greensboro, N.C."
161,Southern Arkansas University,https://logo.clearbit.com/saumag.edu,4,"Magnolia, Ark."
162,Sonoma State University,https://logo.clearbit.com/sonoma.edu,4,"Ronhert Park, Calif."
163,University of Arkansas at Pine Bluff,https://logo.clearbit.com/uapb.edu,4,"Pine Bluff, Ark."
164,University of Dayton,https://logo.clearbit.com/udayton.edu,4,"Dayton, Ohio"
165,University of Michigan*,https://static01.nyt.com/newsgraphics/2020/07/20/college-coronavirus-cases/8b8985d30e09c84d02fe62f34c473cb665183907/logos/130.png,4,"Ann Arbor, Mich."
166,University of North Texas*,https://logo.clearbit.com/unt.edu,4,"Denton, Texas"
167,University of Toledo*,https://logo.clearbit.com/utoledo.edu,4,"Toledo, Ohio"
168,University of Washington Bothell,https://logo.clearbit.com/washington.edu,4,"Bothell, Wash."
169,Western Colorado University,https://logo.clearbit.com/western.edu,4,"Gunnison, Colo."
170,East Georgia State College,https://logo.clearbit.com/ega.edu,4,"Swainsboro, Ga."
171,University of Massachusetts Medical School,https://logo.clearbit.com/umassmed.edu,4,"Worcester, Mass."
172,University of Virginia,https://logo.clearbit.com/virginia.edu,4,"Charlottesville, Va."
173,Washington University in St. Louis,https://logo.clearbit.com/wustl.edu,4,St. Louis
174,"California State University, San Bernardino",https://logo.clearbit.com/csusb.edu,4,"San Bernardino, Calif."
175,University of Kentucky,https://static01.nyt.com/newsgraphics/2020/07/20/college-coronavirus-cases/8b8985d30e09c84d02fe62f34c473cb665183907/logos/96.png,4,"Lexington, Ky."
176,University of Arizona*,https://logo.clearbit.com/arizona.edu,3,"Tucson, Ariz."
177,Troy University Dothan,https://logo.clearbit.com/troy.edu,3,"Dothan, Ala."
178,Chicago State University,https://static01.nyt.com/newsgraphics/2020/07/20/college-coronavirus-cases/8b8985d30e09c84d02fe62f34c473cb665183907/logos/chicagostate.jpg,3,Chicago
179,Auburn University*,https://static01.nyt.com/newsgraphics/2020/07/20/college-coronavirus-cases/8b8985d30e09c84d02fe62f34c473cb665183907/logos/2.png,3,"Auburn, Ala."
180,Columbia Basin College,https://logo.clearbit.com/columbiabasin.edu,3,"Pasco, Wash."
181,Emporia State University,https://logo.clearbit.com/emporia.edu,3,"Emporia, Kan."
182,Eastern Oregon University,https://logo.clearbit.com/eou.edu,3,"La Grande, Ore."
183,Francis Marion University,https://logo.clearbit.com/fmarion.edu,3,"Florence, S.C."
184,Longwood University,https://static01.nyt.com/newsgraphics/2020/07/20/college-coronavirus-cases/8b8985d30e09c84d02fe62f34c473cb665183907/logos/longwood.jpg,3,"Farmville, Va."
185,Rio Hondo College,https://logo.clearbit.com/riohondo.edu,3,"Whittier, Calif."
186,University of Texas at San Antonio*,https://logo.clearbit.com/utsa.edu,3,San Antonio
187,Troy University-Phenix City Campus,https://logo.clearbit.com/troy.edu,3,"Phenix, Ala."
188,Georgia Highlands College,https://static01.nyt.com/newsgraphics/2020/07/20/college-coronavirus-cases/8b8985d30e09c84d02fe62f34c473cb665183907/logos/gah.jpg,3,"Rome, Ga."
189,Ohio State University,https://static01.nyt.com/newsgraphics/2020/07/20/college-coronavirus-cases/8b8985d30e09c84d02fe62f34c473cb665183907/logos/194.png,3,"Columbus, Ohio"
190,California State University Maritime Academy,https://static01.nyt.com/newsgraphics/2020/07/20/college-coronavirus-cases/8b8985d30e09c84d02fe62f34c473cb665183907/logos/calmaritime.jpg,3,"Vallejo, Calif."
191,Centralia College,https://logo.clearbit.com/centralia.edu,3,"Centralia, Wash."
192,Carolinas College of Health Sciences,https://logo.clearbit.com/carolinascollege.edu,3,"Charlotte, N.C."
193,Southern Oregon University,https://logo.clearbit.com/sou.edu,2,"Ashland, Ore."
194,SUNY Alfred State College of Technology,https://static01.nyt.com/newsgraphics/2020/07/20/college-coronavirus-cases/8b8985d30e09c84d02fe62f34c473cb665183907/logos/alfred.jpg,2,"Alfred, N.Y."
195,"California State Polytechnic University, Pomona",https://static01.nyt.com/newsgraphics/2020/07/20/college-coronavirus-cases/8b8985d30e09c84d02fe62f34c473cb665183907/logos/cpp.jpg,2,"Pomona, Calif."
196,SUNY Oswego,https://static01.nyt.com/newsgraphics/2020/07/20/college-coronavirus-cases/8b8985d30e09c84d02fe62f34c473cb665183907/logos/oswego.jpg,2,"Oswego, N.Y."
197,University of Central Missouri,https://static01.nyt.com/newsgraphics/2020/07/20/college-coronavirus-cases/8b8985d30e09c84d02fe62f34c473cb665183907/logos/ucm.jpg,2,"Warrensburg, Mo."
198,Alabama A&M University,https://static01.nyt.com/newsgraphics/2020/07/20/college-coronavirus-cases/8b8985d30e09c84d02fe62f34c473cb665183907/logos/2010.png,2,"Huntsville, Ala."
199,College of Southern Idaho,https://logo.clearbit.com/csi.edu,2,"Twin Falls, Idaho"
200,Eastern Michigan University,https://logo.clearbit.com/emich.edu,2,"Ypsilanti, Mich."
201,Gardner-Webb University,https://logo.clearbit.com/gardner-webb.edu,2,"Boiling Springs, N.C."
202,Green River College,https://logo.clearbit.com/greenriver.edu,2,"Auburn, Wash."
203,Louisiana Tech University*,https://static01.nyt.com/newsgraphics/2020/07/20/college-coronavirus-cases/8b8985d30e09c84d02fe62f34c473cb665183907/logos/2348.png,2,"Ruston, La."
204,University of Louisville,https://logo.clearbit.com/louisville.edu,2,"Louisville, Ky."
205,Michigan Technological University,https://logo.clearbit.com/mtu.edu,2,"Houghton, Mich."
206,Northern State University,https://logo.clearbit.com/northern.edu,2,"Aberdeen, S.D."
207,Oregon Institute of Technology,https://logo.clearbit.com/oit.edu,2,"Klamath Falls , Ore."
208,St. Francis College,https://logo.clearbit.com/sfc.edu,2,New York City
209,Stetson University,https://logo.clearbit.com/stetson.edu,2,"DeLand, Fla."
210,University of North Carolina Asheville,https://logo.clearbit.com/unca.edu,2,"Asheville, N.C."
211,Valdosta State University,https://logo.clearbit.com/valdosta.edu,2,"Valdosta, Ga."
212,Winona State University,https://logo.clearbit.com/winona.edu,2,"Winona, Minn."
213,Washington State University,https://logo.clearbit.com/wsu.edu,2,"Pullman, Wash."
214,Western Washington University,https://logo.clearbit.com/wwu.edu,2,"Bellingham, Wash."
215,Renton Technical College,https://logo.clearbit.com/rtc.edu,2,"Renton, Wash."
216,Columbia University,https://logo.clearbit.com/columbia.edu,2,New York City
217,Western Illinois University,https://logo.clearbit.com/wiu.edu,2,"Macomb, Ill."
218,University of South Florida Sarasota-Manatee,https://static01.nyt.com/newsgraphics/2020/07/20/college-coronavirus-cases/8b8985d30e09c84d02fe62f34c473cb665183907/logos/usfsm.jpg,2,"Sarasota, Fla."
219,Shepherd University,https://static01.nyt.com/newsgraphics/2020/07/20/college-coronavirus-cases/8b8985d30e09c84d02fe62f34c473cb665183907/logos/shepherd.jpg,2,"Shepherdstown, W.Va."
220,West Chester University,https://static01.nyt.com/newsgraphics/2020/07/20/college-coronavirus-cases/8b8985d30e09c84d02fe62f34c473cb665183907/logos/wcu.jpg,1,"West Chester, Pa."
221,Weber State University,https://logo.clearbit.com/weber.edu,1,"Ogden, Utah"
222,Texas A&M University-Central Texas,https://static01.nyt.com/newsgraphics/2020/07/20/college-coronavirus-cases/8b8985d30e09c84d02fe62f34c473cb665183907/logos/amcentraltexas.jpg,1,"Kileen, Texas"
223,Long Island University,https://static01.nyt.com/newsgraphics/2020/07/20/college-coronavirus-cases/8b8985d30e09c84d02fe62f34c473cb665183907/logos/liu.jpg,1,"Brookville, N.Y."
224,Valley City State University,https://static01.nyt.com/newsgraphics/2020/07/20/college-coronavirus-cases/8b8985d30e09c84d02fe62f34c473cb665183907/logos/valleycitystate.jpg,1,"Valley City, S.D."
225,Western Michigan University*,https://static01.nyt.com/newsgraphics/2020/07/20/college-coronavirus-cases/8b8985d30e09c84d02fe62f34c473cb665183907/logos/wmich.jpg,1,"Kalamazoo, Mich."
226,Boston College*,https://static01.nyt.com/newsgraphics/2020/07/20/college-coronavirus-cases/8b8985d30e09c84d02fe62f34c473cb665183907/logos/103.png,1,"Chestnut Hill, Mass."
227,Black Hills State University,https://logo.clearbit.com/bhsu.edu,1,"Spearfish, S.D."
228,Cameron University,https://logo.clearbit.com/cameron.edu,1,"Lawton, Okla."
229,"California State University, Chico",https://logo.clearbit.com/csuchico.edu,1,"Chico, Calif."
230,"California State University, Channel Islands",https://logo.clearbit.com/csuci.edu,1,"Camarillo, Calif."
231,Fairmont State University,https://logo.clearbit.com/fairmontstate.edu,1,"Fairmont, W.Va."
232,Fort Hays State University,https://logo.clearbit.com/fhsu.edu,1,"Hays, Kan."
233,Florida State University*,https://static01.nyt.com/newsgraphics/2020/07/20/college-coronavirus-cases/8b8985d30e09c84d02fe62f34c473cb665183907/logos/52.png,1,"Tallahassee, Fla."
234,Fort Valley State University,https://logo.clearbit.com/fvsu.edu,1,"Fort Valley, Ga."
235,Gonzaga University,https://logo.clearbit.com/gonzaga.edu,1,"Spokane, Wash."
236,Grambling State University,https://logo.clearbit.com/gram.edu,1,"Grambling, La."
237,Lafayette College,https://logo.clearbit.com/lafayette.edu,1,"Easton, Pa."
238,Lewis-Clark State College,https://logo.clearbit.com/lcsc.edu,1,"Lewiston, Idaho"
239,Lock Haven University,https://logo.clearbit.com/lockhaven.edu,1,"Lock Haven, Pa."
240,Lake Washington Institute of Technology,https://logo.clearbit.com/lwtech.edu,1,"Kirkland, Wash."
241,University of Hawaii at Manoa,https://logo.clearbit.com/manoa.hawaii.edu,1,Honolulu
242,University of Hawaii Maui College,https://logo.clearbit.com/maui.hawaii.edu,1,"Kahului, Hawaii"
243,Midland College,https://logo.clearbit.com/midland.edu,1,"Midland, Texas"
244,Monmouth University,https://logo.clearbit.com/monmouth.edu,1,"West Long Branch, N.J."
245,University of Notre Dame*,https://static01.nyt.com/newsgraphics/2020/07/20/college-coronavirus-cases/8b8985d30e09c84d02fe62f34c473cb665183907/logos/87.png,1,"Notre Dame, Ind."
246,North Dakota State University,https://logo.clearbit.com/ndsu.edu,1,"Fargo, N.D."
247,Nicholls State University,https://logo.clearbit.com/nicholls.edu,1,"Thibodaux, La."
248,Northwestern Oklahoma State University,https://logo.clearbit.com/nwosu.edu,1,"Alva, Okla."
249,Purdue University*,https://logo.clearbit.com/purdue.edu,1,"West Lafayette, Ind."
250,University of Richmond,https://static01.nyt.com/newsgraphics/2020/07/20/college-coronavirus-cases/8b8985d30e09c84d02fe62f34c473cb665183907/logos/257.png,1,"Richmond, Va."
251,University of San Diego,https://logo.clearbit.com/sandiego.edu,1,San Diego
252,Spokane Falls Community College,https://logo.clearbit.com/sfcc.spokane.edu,1,"Spokane, Wash."
253,Shawnee State University,https://logo.clearbit.com/shawnee.edu,1,"Portsmouth, Ohio"
254,South Seattle College,https://logo.clearbit.com/southseattle.edu,1,Seattle
255,Saginaw Valley State University,https://logo.clearbit.com/svsu.edu,1,"University Center, Mich."
256,Temple University,https://logo.clearbit.com/temple.edu,1,Philadelphia
257,University of Arkansas*,https://logo.clearbit.com/uark.edu,1,"Fayetteville, Ark."
258,University of the Incarnate Word,https://logo.clearbit.com/uiw.edu,1,San Antonio
259,University of New Mexico*,https://logo.clearbit.com/unm.edu,1,Albuquerque
260,University of Science and Arts of Oklahoma,https://logo.clearbit.com/usao.edu,1,"Chickasha, Okla."
261,"University of Tennessee, Knoxville*",https://static01.nyt.com/newsgraphics/2020/07/20/college-coronavirus-cases/8b8985d30e09c84d02fe62f34c473cb665183907/logos/2633.png,1,"Knoxville, Tenn."
262,University of Texas Permian Basin,https://logo.clearbit.com/utpb.edu,1,"Odessa, Texas"
263,Virginia Polytechnic Institute and State University,https://logo.clearbit.com/VT.EDU,1,"Blacksburg, Va."
264,Medical University of South Carolina,https://logo.clearbit.com/web.musc.edu,1,"Charleston, S.C."
265,University of Rhode Island,https://logo.clearbit.com/web.uri.edu,1,"Kingston, R.I."
266,William Paterson University,https://logo.clearbit.com/wpunj.edu,1,"Wayne, N.J."
267,Carnegie Mellon University,https://logo.clearbit.com/cmu.edu,1,Pittsburgh
268,Barnard College,https://logo.clearbit.com/barnard.edu,1,New York City
269,Winthrop University,https://logo.clearbit.com/winthrop.edu,1,"Rock Hill, S.C."
270,University of Missouri-St. Louis,https://logo.clearbit.com/umsl.edu,1,"Bellerive Acres, Mo."
